{
    "dalmenylinlithgow": {
	"route_name": "Dalmeny Linlithgow Loop",
	"distance_miles": "27",
	"ascent_metres": "411",
	"start_point": "Dalmeny Station",
	"shape": "Circular",
	"description": "Scenic circular route from Dalmeny station with lunch stop at Linlithgow.",
	"map_my_ride_id": "2382938686",
	"photos" : ["dalmenylinlithgow1.jpg"]
    },
    "stownewtongrange": {
	"route_name": "Stow to Newtongrange",
	"distance_miles": "26",
	"ascent_metres": "504",
	"start_point": "Stow station",
	"shape": "Linear",
	"description": "Blah blah",
	"map_my_ride_id": "2391530722",
	"photos": []
    },	

    
    "humbie": {
	"route_name": "Edinburgh to Gorebridge via Humbie",
	"distance_miles": "47",
	"ascent_metres": "846",
	"start_point": "Edinburgh",
	"shape": "Linear",
	"description": "Hilly ride with a possbible cafe stop at Humbie Hub and option to visit Crichton Castle.",
	"map_my_ride_id": "2061022000",
	"photos" : []
    }

}
